{ "_id" : { "$oid" : "586b0cb756b6adff01860242" }, "name" : "areaA", "food" : "0", "people" : "0", "dea" : "0", "date" : 1483407981179 }
{ "_id" : { "$oid" : "586b0e410383911dd785db58" }, "name" : "areaA", "food" : "10", "people" : "100", "dea" : "111", "date" : 1483411010754 }
{ "_id" : { "$oid" : "5870c3bb635b7a13b4c751cf" }, "name" : "areaA", "food" : "100", "people" : "100", "dea" : "100", "date" : 1483785148786 }
{ "_id" : { "$oid" : "5870da070098690e51148a97" }, "name" : "areaA", "food" : "111", "people" : "111", "dea" : "111", "date" : 1483790856349 }
{ "_id" : { "$oid" : "587321eaf6cf7d0b0adaa325" }, "name" : "areaA", "food" : "100", "people" : "100", "dea" : "100", "date" : 1483940331727 }
{ "_id" : { "$oid" : "58732fefe05fb362897b7c17" }, "name" : "areaA", "food" : "100", "people" : "100", "dea" : "100", "date" : 1483943921100 }
{ "_id" : { "$oid" : "5873300ce05fb362897b7c18" }, "name" : "areaA", "food" : "100", "people" : "100", "dea" : "100", "date" : 1483943950322 }
